Date,AAPL,AMZN,GOOG,META,MSFT
2020-01-02,72.79602813720703,94.90049743652344,68.20101165771484,209.1502685546875,153.63067626953125
2020-01-03,72.08829498291016,93.74849700927734,67.86632537841797,208.04360961914062,151.7177276611328
2020-01-06,72.66271209716797,95.14399719238281,69.53972625732422,211.96182250976562,152.10986328125
2020-01-07,72.32097625732422,95.34300231933594,69.49633026123047,212.42042541503906,150.72299194335938
2020-01-08,73.48434448242188,94.59850311279297,70.04399108886719,214.57395935058594,153.12374877929688
2020-01-09,75.04521942138672,95.05249786376953,70.81758117675781,217.64471435546875,155.0367431640625
2020-01-10,75.21488952636719,94.15799713134766,71.3113784790039,217.40541076660156,154.31936645507812
2020-01-13,76.82179260253906,94.56500244140625,71.78520965576172,221.24386596679688,156.17494201660156
2020-01-14,75.78446960449219,93.47200012207031,71.36872863769531,218.40240478515625,155.07498168945312
2020-01-15,75.45966339111328,93.10099792480469,71.78370666503906,220.48614501953125,156.07928466796875
2020-01-16,76.40491485595703,93.89700317382812,72.40718078613281,221.10427856445312,158.93919372558594
2020-01-17,77.25077819824219,93.23600006103516,73.83816528320312,221.47315979003906,159.8287353515625
2020-01-21,76.7272720336914,94.5999984741211,74.03817749023438,220.77528381347656,159.2548065185547
2020-01-22,77.00114440917969,94.37300109863281,74.11548614501953,220.6556396484375,158.4896240234375
2020-01-23,77.3719711303711,94.22899627685547,74.15039825439453,219.10031127929688,159.4652557373047
2020-01-24,77.14900207519531,93.08200073242188,73.15584564208984,217.28578186035156,157.8583526611328
2020-01-27,74.88040924072266,91.41699981689453,71.51936340332031,214.22499084472656,155.21847534179688
2020-01-28,76.99871826171875,92.6624984741211,72.45008087158203,217.13623046875,158.26010131835938
2020-01-29,78.61048889160156,92.9000015258789,72.7528305053711,222.5598907470703,160.72779846191406
2020-01-30,78.49657440185547,93.53399658203125,72.6136703491211,208.90101623535156,165.26153564453125
2020-01-31,75.01614379882812,100.43599700927734,71.53582000732422,201.30389404296875,162.82249450683594
2020-02-03,74.81013488769531,100.20999908447266,74.11498260498047,203.57705688476562,166.7919464111328
2020-02-04,77.27989196777344,102.4834976196289,72.1762466430664,209.20013427734375,172.28211975097656
2020-02-05,77.91001892089844,101.99349975585938,72.2341079711914,209.4792938232422,172.07174682617188
2020-02-06,78.82135009765625,102.5114974975586,73.63067626953125,210.21705627441406,175.63941955566406
2020-02-07,77.74996185302734,103.96399688720703,73.78031158447266,211.69261169433594,175.8881072998047
2020-02-10,78.11925506591797,106.69550323486328,75.24920654296875,212.42042541503906,180.48876953125
2020-02-11,77.6479263305664,107.54000091552734,75.25469207763672,206.5680389404297,176.4141845703125
2020-02-12,79.49189758300781,108.0,75.72752380371094,210.1273193359375,176.67245483398438
2020-02-13,78.92578887939453,107.49349975585938,75.54747009277344,212.50018310546875,175.7159881591797
2020-02-14,78.94525146484375,106.74349975585938,75.8507308959961,213.5370635986328,177.28457641601562
2020-02-18,77.49971771240234,107.78350067138672,75.79735565185547,217.1461944580078,179.08277893066406
2020-02-19,78.62213134765625,108.51100158691406,76.14749908447266,216.83712768554688,179.61985778808594
2020-02-20,77.81555938720703,107.65499877929688,75.72154235839844,213.9358673095703,176.87684631347656
2020-02-21,76.05419158935547,104.79850006103516,74.0735855102539,209.549072265625,171.2852783203125
2020-02-24,72.44158935546875,100.4645004272461,70.90536499023438,200.1174774169922,163.90029907226562
2020-02-25,69.9878158569336,98.63700103759766,69.25242614746094,196.17933654785156,161.19561767578125
2020-02-26,71.09809875488281,98.97949981689453,69.48834991455078,196.6080322265625,163.20968627929688
2020-02-27,66.45055389404297,94.21499633789062,65.74304962158203,189.18040466308594,151.71009826660156
2020-02-28,66.41166687011719,94.1875,66.80244445800781,191.89224243164062,155.38343811035156
2020-03-02,72.59465026855469,97.69750213623047,69.28534698486328,195.85031127929688,165.72254943847656
2020-03-03,70.28909301757812,95.44950103759766,66.90519714355469,185.3319854736328,157.7811737060547
2020-03-04,73.54942321777344,98.79149627685547,69.15616607666016,191.18435668945312,163.57418823242188
2020-03-05,71.16368103027344,96.20149993896484,65.79043579101562,184.61415100097656,159.46922302246094
2020-03-06,70.21863555908203,95.05449676513672,64.76145935058594,180.54638671875,154.96145629882812
2020-03-09,64.66490173339844,90.03050231933594,60.62910461425781,168.99119567871094,144.45936584472656
2020-03-10,69.32218170166016,94.59100341796875,63.86266326904297,177.6551055908203,154.33804321289062
2020-03-11,66.91458129882812,91.04299926757812,60.62162399291992,169.7289581298828,147.34625244140625
2020-03-12,60.30644226074219,83.83049774169922,55.60893630981445,154.00628662109375,133.37216186523438
2020-03-13,67.53166961669922,89.25,60.837093353271484,169.7688446044922,152.3335418701172
2020-03-16,58.84391403198242,84.4574966430664,54.08367919921875,145.5717010498047,129.88104248046875
2020-03-17,61.4312858581543,90.39199829101562,55.85283660888672,148.97145080566406,140.57498168945312
2020-03-18,59.927452087402344,91.5,54.705650329589844,146.51885986328125,134.65733337402344
2020-03-19,59.46827697753906,94.04650115966797,55.62788772583008,152.6703338623047,136.87283325195312
2020-03-20,55.69290542602539,92.30449676513672,53.48465347290039,149.28053283691406,131.73211669921875
2020-03-23,54.5097541809082,95.1415023803711,52.701576232910156,147.6554412841797,130.41810607910156
2020-03-24,59.97846603393555,97.00499725341797,56.58403778076172,160.49676513671875,142.27255249023438
2020-03-25,59.64806365966797,94.29199981689453,54.98945617675781,155.74110412597656,140.91065979003906
2020-03-26,62.78692626953125,97.77449798583984,57.94519805908203,162.8496856689453,149.7248077392578
2020-03-27,60.187408447265625,95.00499725341797,55.39944839477539,156.3193359375,143.5769805908203
2020-03-30,61.90503692626953,98.19750213623047,57.200523376464844,165.45184326171875,153.67628479003906
2020-03-31,61.7786865234375,97.48600006103516,57.99806594848633,166.29930114746094,151.25933837890625
2020-04-01,58.52808380126953,95.38500213623047,55.14556884765625,159.12091064453125,145.88839721679688
2020-04-02,59.50472640991211,95.94149780273438,55.90470504760742,157.71514892578125,148.90956115722656
2020-04-03,58.649559020996094,95.32949829101562,54.759521484375,153.71717834472656,147.53807067871094
2020-04-06,63.765987396240234,99.87950134277344,59.20061492919922,165.0530548095703,158.51011657714844
2020-04-07,63.027435302734375,100.58000183105469,59.1801643371582,168.3231964111328,156.8029327392578
2020-04-08,64.64059448242188,102.1500015258789,60.365753173828125,173.7568359375,158.3758544921875
2020-04-09,65.1070556640625,102.13800048828125,60.42410659790039,174.6641082763672,158.3854522705078
2020-04-13,66.38495635986328,108.44349670410156,60.728858947753906,174.2653045654297,158.7402801513672
2020-04-14,69.73760223388672,114.16600036621094,63.306026458740234,177.63516235351562,166.59532165527344
2020-04-15,69.1010971069336,115.38400268554688,62.9688606262207,176.43875122070312,164.84976196289062
2020-04-16,69.65015411376953,120.40950012207031,63.01873779296875,175.72093200683594,169.7987060546875
2020-04-17,68.705078125,118.75,64.00531768798828,178.7019500732422,171.29490661621094
2020-04-20,67.27897644042969,119.68049621582031,63.17535400390625,177.7049560546875,167.899658203125
2020-04-21,65.1993637084961,116.40599822998047,60.66801071166992,170.28729248046875,160.95584106445312
2020-04-22,67.07735443115234,118.17449951171875,63.005767822265625,181.7328338623047,166.4226837158203
2020-04-23,66.8173828125,119.97250366210938,63.65916442871094,184.57427978515625,164.40859985351562
2020-04-24,68.74637603759766,120.51100158691406,63.80879592895508,189.49945068359375,167.41055297851562
2020-04-27,68.79499053955078,118.80000305175781,63.63771438598633,186.93716430664062,166.93099975585938
2020-04-28,67.67985534667969,115.7040023803711,61.53238296508789,182.36094665527344,162.86444091796875
2020-04-29,69.90281677246094,118.635498046875,66.90967559814453,193.60707092285156,170.17274475097656
2020-04-30,71.37748718261719,123.69999694824219,67.26780700683594,204.0955047607422,171.87994384765625
2020-05-01,70.22835540771484,114.302001953125,65.86873626708984,201.66282653808594,167.42979431152344
2020-05-04,71.22201538085938,115.79949951171875,66.17747497558594,204.64382934570312,171.5250701904297
2020-05-05,72.29096984863281,115.88999938964844,67.38999938964844,206.44842529296875,173.3665313720703
2020-05-06,73.03681945800781,117.56300354003906,67.19996643066406,207.8441925048828,175.07374572753906
2020-05-07,73.7923583984375,118.38050079345703,68.45987701416016,210.62583923339844,176.09039306640625
2020-05-08,75.54875946044922,118.98049926757812,69.24844360351562,211.7125701904297,177.12619018554688
2020-05-11,76.73754119873047,120.44999694824219,69.99111938476562,212.54005432128906,179.1019287109375
2020-05-12,75.86056518554688,117.84750366210938,68.61849212646484,209.4693145751953,175.04495239257812
2020-05-13,74.94461822509766,118.39600372314453,67.30122375488281,204.48434448242188,172.3978729248047
2020-05-14,75.40502166748047,119.44249725341797,67.64038848876953,206.18919372558594,173.1459503173828
2020-05-15,74.95924377441406,120.48899841308594,68.49130249023438,210.24697875976562,175.66839599609375
2020-05-18,76.72537231445312,121.31300354003906,69.02748107910156,212.550048828125,177.3468017578125
2020-05-19,76.2820053100586,122.46649932861328,68.50601196289062,216.2289581298828,176.1191864013672
2020-05-20,77.76554870605469,124.89700317382812,70.16368865966797,229.2796630859375,178.56207275390625
2020-05-21,77.18577575683594,122.33699798583984,69.96817016601562,230.69540405273438,176.4173126220703
2020-05-22,77.68273162841797,121.84400177001953,70.34823608398438,234.204833984375,176.49424743652344
2020-05-26,77.15653991699219,121.09300231933594,70.67742156982422,231.50296020507812,174.62841796875
2020-05-27,77.49270629882812,120.51950073242188,70.71832275390625,228.45216369628906,174.85923767089844
2020-05-28,77.52680969238281,120.05500030517578,70.6629638671875,224.783203125,174.4648895263672
2020-05-29,77.45128631591797,122.11849975585938,71.2709732055664,224.414306640625,176.24417114257812
2020-06-01,78.40377044677734,123.552001953125,71.41561889648438,231.21383666992188,175.8402557373047
2020-06-02,78.76676177978516,123.62049865722656,71.78470611572266,232.0214080810547,177.8407440185547
2020-06-03,79.20037841796875,123.91999816894531,71.64305877685547,229.46910095214844,178.2735595703125
2020-06-04,78.51828002929688,123.02999877929688,70.43601989746094,225.6107177734375,175.9268035888672
2020-06-05,80.75456237792969,124.1500015258789,71.7433090209961,230.07725524902344,180.04318237304688
2020-06-08,81.23202514648438,126.2030029296875,72.15330505371094,230.7053680419922,181.15884399414062
2020-06-09,83.79718017578125,130.04299926757812,72.629638671875,237.95355224609375,182.54376220703125
2020-06-10,85.95304870605469,132.37249755859375,73.11295318603516,236.01937866210938,189.3146209716797
2020-06-11,81.82640838623047,127.89800262451172,70.0200424194336,223.7563018798828,179.14871215820312
2020-06-12,82.5328598022461,127.2509994506836,70.48589324951172,227.8938446044922,180.56253051757812
2020-06-15,83.5535659790039,128.63400268554688,70.8185806274414,231.8020782470703,181.71664428710938
2020-06-16,85.76791381835938,130.7635040283203,71.95928192138672,234.94261169433594,186.169677734375
2020-06-17,85.64856719970703,132.0489959716797,72.37825012207031,234.82298278808594,186.81402587890625
2020-06-18,85.68265533447266,132.69900512695312,71.62210083007812,235.2317352294922,188.81451416015625
2020-06-19,85.19300842285156,133.75050354003906,71.41062927246094,238.07318115234375,187.68923950195312
2020-06-22,87.42198944091797,135.6909942626953,72.41516876220703,238.5019073486328,192.90199279785156
2020-06-23,89.2879867553711,138.2205047607422,73.04112243652344,241.51283264160156,194.19082641601562
2020-06-24,87.71186828613281,136.72000122070312,71.42310333251953,233.31752014160156,190.27639770507812
2020-06-25,88.87629699707031,137.72900390625,71.88994598388672,234.97250366210938,192.68080139160156
2020-06-26,86.1455078125,134.64349365234375,67.82843017578125,215.43136596679688,188.82415771484375
2020-06-29,88.1308822631836,134.0189971923828,69.57762908935547,219.97767639160156,190.85345458984375
2020-06-30,88.86653900146484,137.9409942626953,70.5073471069336,226.3883819580078,195.72962951660156
2020-07-01,88.6984634399414,143.93499755859375,71.7258529663086,236.83692932128906,196.8740997314453
2020-07-02,88.6984634399414,144.51499938964844,73.05558776855469,232.71929931640625,198.37449645996094
2020-07-06,91.0711669921875,152.8520050048828,74.60179138183594,239.5587158203125,202.64476013183594
2020-07-07,90.78858184814453,150.00599670410156,74.07708740234375,240.13699340820312,200.28842163085938
2020-07-08,92.9030532836914,154.0554962158203,74.61676025390625,242.84881591796875,204.6933135986328
2020-07-09,93.3025894165039,159.13150024414062,75.36441802978516,243.76605224609375,206.12637329101562
2020-07-10,93.46578216552734,160.0,76.89814758300781,244.33433532714844,205.50120544433594
2020-07-13,93.03462982177734,155.1999969482422,75.38188171386719,238.28256225585938,199.15353393554688
2020-07-14,94.57417297363281,154.1999969482422,75.84274291992188,239.01036071777344,200.38461303710938
2020-07-15,95.22461700439453,150.44349670410156,75.49659729003906,239.5587158203125,200.08641052246094
2020-07-16,94.05287170410156,149.9949951171875,75.71405792236328,240.20675659179688,196.1239776611328
2020-07-17,93.86287689208984,148.09849548339844,75.59185028076172,241.303466796875,195.1237030029297
2020-07-20,95.84091186523438,159.8419952392578,78.09422302246094,244.68328857421875,203.5103302001953
2020-07-21,94.51814270019531,156.9145050048828,77.7301025390625,241.02430725097656,200.7693328857422
2020-07-22,94.78368377685547,154.99549865722656,78.23237609863281,239.14993286132812,203.65463256835938
2020-07-23,90.469482421875,149.32749938964844,75.59833526611328,231.90176391601562,194.79672241210938
2020-07-24,90.24531555175781,150.44549560546875,75.40830993652344,230.0174560546875,193.6041259765625
2020-07-27,92.38417053222656,152.760498046875,76.32256317138672,232.799072265625,196.05662536621094
2020-07-28,90.86654663085938,150.01649475097656,74.83322143554688,229.42921447753906,194.29661560058594
2020-07-29,92.60829162597656,151.67649841308594,75.91456604003906,232.5896759033203,196.25860595703125
2020-07-30,93.72888946533203,152.593994140625,76.38491821289062,233.7960662841797,196.1046905517578
2020-07-31,103.54124450683594,158.23399353027344,73.96635437011719,252.9085235595703,197.17230224609375
2020-08-03,106.15023803710938,155.59449768066406,73.5418930053711,251.20367431640625,208.261474609375
2020-08-04,106.85912322998047,156.94149780273438,73.06905364990234,249.08004760742188,205.1357421875
2020-08-05,107.2464370727539,160.25149536132812,73.49999237060547,248.37217712402344,204.7991180419922
2020-08-06,110.9881820678711,161.25,74.82124328613281,264.4836730957031,208.0787811279297
2020-08-07,108.46478271484375,158.3730010986328,74.54144287109375,267.6341857910156,204.356689453125
2020-08-10,110.04130554199219,157.4080047607422,74.62174224853516,262.21051025390625,200.28842163085938
2020-08-11,106.76868438720703,154.0334930419922,73.83467864990234,255.36114501953125,195.6046142578125
2020-08-12,110.31707000732422,158.11199951171875,75.14645385742188,259.10986328125,201.19253540039062
2020-08-13,112.26941680908203,158.05099487304688,75.73650360107422,260.5155944824219,200.7212371826172
2020-08-14,112.16937255859375,157.4010009765625,75.20182037353516,260.4557800292969,200.91357421875
2020-08-17,111.87650299072266,159.12049865722656,75.71306610107422,260.3760681152344,202.2407989501953
2020-08-18,112.80874633789062,165.62449645996094,77.73908996582031,261.552490234375,203.404541015625
2020-08-19,112.95030212402344,163.0240020751953,77.18694305419922,261.8017272949219,202.1705322265625
2020-08-20,115.45658874511719,164.86849975585938,78.89375305175781,268.2024841308594,206.8752899169922
2020-08-21,121.4063720703125,164.23599243164062,78.8274154663086,266.20849609375,205.37127685546875
2020-08-24,122.8584213256836,165.3730010986328,79.21546173095703,270.5753479003906,206.0172576904297
2020-08-25,121.85053253173828,167.32449340820312,80.2140121459961,279.9770202636719,208.69741821289062
2020-08-26,123.50757598876953,172.09249877929688,82.4166030883789,302.9977111816406,213.2093963623047
2020-08-27,122.03112030029297,170.0,81.51631164550781,292.33978271484375,218.44444274902344
2020-08-28,121.83345794677734,170.08999633789062,82.0190658569336,292.77850341796875,220.6907501220703
2020-08-31,125.96507263183594,172.54800415039062,81.50883483886719,292.31988525390625,217.43214416503906
2020-09-01,130.98260498046875,174.95599365234375,82.83207702636719,294.5531311035156,219.10968017578125
2020-09-02,128.26882934570312,176.57249450683594,86.20230865478516,301.5919494628906,223.33238220214844
2020-09-03,117.9995346069336,168.39999389648438,81.89089965820312,290.24609375,209.49766540527344
2020-09-04,118.07762145996094,164.7310028076172,79.35711669921875,281.88128662109375,206.55712890625
2020-09-08,110.13158416748047,157.49200439453125,76.43180084228516,270.34600830078125,195.38331604003906
2020-09-09,114.52437591552734,163.4304962158203,77.65728759765625,272.8983459472656,203.70339965820312
2020-09-10,110.78561401367188,158.7554931640625,76.41334533691406,267.2852478027344,197.9960174560547
2020-09-11,109.3311538696289,155.81100463867188,75.8497314453125,265.8096923828125,196.70408630371094
2020-09-14,112.611083984375,155.14849853515625,75.77790069580078,265.3510437011719,198.0345458984375
2020-09-15,112.78678131103516,157.80650329589844,76.88318634033203,271.6022644042969,201.2835693359375
2020-09-16,109.45805358886719,153.90499877929688,75.85869598388672,262.72894287109375,197.68751525878906
2020-09-17,107.71068572998047,150.43649291992188,74.59330749511719,254.05506896972656,195.6243133544922
2020-09-18,104.2940902709961,147.74549865722656,72.82066345214844,251.77194213867188,193.19480895996094
2020-09-21,107.4568862915039,148.02349853515625,71.38269805908203,247.4050750732422,195.26760864257812
2020-09-22,109.14567565917969,156.44949340820312,73.09349060058594,253.98529052734375,199.97242736816406
2020-09-23,104.56743621826172,149.9929962158203,70.58715057373047,248.27249145507812,193.38763427734375
2020-09-24,105.64122009277344,150.989501953125,71.23954010009766,248.78094482421875,195.894287109375
2020-09-25,109.60448455810547,154.75650024414062,72.07100677490234,254.05506896972656,200.35804748535156
2020-09-28,112.22059631347656,158.70249938964844,73.0466079711914,256.0491027832031,201.91983032226562
2020-09-29,111.371337890625,157.24400329589844,73.2865219116211,261.004150390625,199.818115234375
2020-09-30,113.05035400390625,157.43649291992188,73.29999542236328,261.11383056640625,202.7779083251953
2020-10-01,114.00698852539062,161.06300354003906,74.32198333740234,265.8296203613281,204.83145141601562
2020-10-02,110.32683563232422,156.25,72.74235534667969,259.1596984863281,198.78656005859375
2020-10-05,113.72389221191406,159.9600067138672,74.11898040771484,263.8555603027344,202.82606506347656
2020-10-06,110.46350860595703,154.9980010986328,72.49396514892578,257.883544921875,198.51663208007812
2020-10-07,112.33773040771484,159.7845001220703,72.83563232421875,257.3451232910156,202.29583740234375
2020-10-08,112.23037719726562,159.52749633789062,74.11448669433594,262.9682312011719,203.01890563964844
2020-10-09,114.18269348144531,164.33250427246094,75.57540130615234,263.65618896484375,208.0611114501953
2020-10-12,121.43565368652344,172.14649963378906,78.26528930664062,274.9222412109375,213.45042419433594
2020-10-13,118.21428680419922,172.18150329589844,78.3914794921875,275.31109619140625,214.85797119140625
2020-10-14,118.30215454101562,168.1855010986328,78.21192169189453,271.0040588378906,212.92979431152344
2020-10-15,117.83358764648438,166.9324951171875,77.76551818847656,265.9193420410156,211.7729034423828
2020-10-16,116.1838607788086,163.635498046875,78.45781707763672,265.1317138671875,211.7729034423828
2020-10-19,113.21630859375,160.36050415039062,76.54251861572266,260.61529541015625,206.5282745361328
2020-10-20,114.70984649658203,160.85049438476562,77.60591888427734,266.7568359375,206.94277954101562
2020-10-21,114.0851058959961,159.2469940185547,79.47032928466797,277.893310546875,207.08740234375
2020-10-22,112.99179077148438,158.82000732421875,80.56864166259766,277.2851257324219,207.17416381835938
2020-10-23,112.29869079589844,160.22000122070312,81.8489990234375,283.93511962890625,208.4660186767578
2020-10-26,112.3084487915039,160.3520050048828,79.32768249511719,276.27813720703125,202.536865234375
2020-10-27,113.821533203125,164.31649780273438,80.01649475097656,282.4396057128906,205.59307861328125
2020-10-28,108.55020904541016,158.13900756835938,75.64522552490234,266.86651611328125,195.40260314941406
2020-10-29,112.57201385498047,160.55050659179688,78.17002868652344,279.98699951171875,197.36932373046875
2020-10-30,106.2659683227539,151.8074951171875,80.85194396972656,262.3201599121094,195.20010375976562
2020-11-02,106.1781005859375,150.2239990234375,81.10232543945312,260.5754089355469,195.0651397705078
2020-11-03,107.80831146240234,152.42050170898438,82.30836486816406,264.50360107421875,199.01792907714844
2020-11-04,112.21083068847656,162.05799865722656,87.24224090576172,286.5173034667969,208.6203155517578
2020-11-05,116.1936264038086,166.10000610351562,87.95250701904297,293.79541015625,215.27255249023438
2020-11-06,116.06160736083984,165.56849670410156,87.8717041015625,292.52923583984375,215.68711853027344
2020-11-09,113.74408721923828,157.18699645996094,87.93405151367188,277.93316650390625,210.5485076904297
2020-11-10,113.40184783935547,151.75100708007812,86.80631256103516,271.6121826171875,203.4334716796875
2020-11-11,116.8438949584961,156.8695068359375,87.42080688476562,275.6500549316406,208.7745819091797
2020-11-12,116.57007598876953,155.51400756835938,87.27765655517578,274.2542419433594,207.7044219970703
2020-11-13,116.61898803710938,156.4405059814453,88.63333129882812,276.1186218261719,208.7360076904297
2020-11-16,117.63597869873047,156.55299377441406,88.85079956054688,278.12261962890625,209.43014526367188
2020-11-17,116.74610137939453,156.7830047607422,88.2906723022461,274.1744689941406,206.75961303710938
2020-11-18,115.41622161865234,155.2729949951172,87.12503814697266,271.1535949707031,204.03372192382812
2020-11-19,116.01272583007812,155.8509979248047,87.97993469238281,272.12066650390625,205.32899475097656
2020-11-20,114.74148559570312,154.97000122070312,86.8960952758789,268.8904113769531,203.36680603027344
2020-11-23,111.32879638671875,154.91949462890625,86.5304946899414,267.62420654296875,203.0961151123047
2020-11-24,112.61954498291016,155.9029998779297,88.22732543945312,276.0887145996094,206.720947265625
2020-11-25,113.46051788330078,159.2534942626953,88.3545150756836,274.7627258300781,206.73060607910156
2020-11-27,114.00810241699219,159.76699829101562,89.43984985351562,276.97607421875,208.0452117919922
2020-11-30,116.41363525390625,158.40199279785156,87.82132720947266,276.1385803222656,206.92393493652344
2020-12-01,120.00235748291016,161.00399780273438,89.68475341796875,285.6897888183594,208.99253845214844
2020-12-02,120.35440063476562,160.17649841308594,91.17359161376953,286.6568908691406,208.1805419921875
2020-12-03,120.21749114990234,159.3365020751953,91.11473846435547,281.0039367675781,207.08824157714844
2020-12-04,119.54276275634766,158.12899780273438,91.17559051513672,278.86041259765625,207.20425415039062
2020-12-07,121.00955200195312,157.89999389648438,90.75112915039062,284.72271728515625,207.13656616210938
2020-12-08,121.62560272216797,158.864501953125,90.70474243164062,282.54925537109375,208.79917907714844
2020-12-09,119.08316040039062,155.2100067138672,88.98796081542969,277.08575439453125,204.72972106933594
2020-12-10,120.51084899902344,155.07449340820312,88.54904174804688,276.2881164550781,203.49244689941406
2020-12-11,119.6992416381836,155.8209991455078,88.87024688720703,272.72882080078125,206.1409912109375
2020-12-14,119.08316040039062,157.84849548339844,87.78740692138672,273.3669128417969,207.0496063232422
2020-12-15,125.048095703125,158.25599670410156,88.17195892333984,274.72283935546875,206.98193359375
2020-12-16,124.9796371459961,162.04800415039062,87.93405151367188,274.8424987792969,211.96002197265625
2020-12-17,125.84993743896484,161.8040008544922,87.18090057373047,273.6560363769531,212.09535217285156
2020-12-18,123.8551025390625,160.08250427246094,86.33846282958984,275.5702819824219,211.2930145263672
2020-12-21,125.39032745361328,160.3090057373047,86.75543975830078,271.97113037109375,215.1595001220703
2020-12-22,128.9595489501953,160.3260040283203,85.9638900756836,266.2882385253906,216.46446228027344
2020-12-23,128.0598907470703,159.2635040283203,86.40679931640625,267.3051452636719,213.64193725585938
2020-12-24,129.0475311279297,158.63450622558594,86.72950744628906,266.5972900390625,215.3141632080078
2020-12-28,133.6629638671875,164.197998046875,88.58694458007812,276.16851806640625,217.45040893554688
2020-12-29,131.88327026367188,166.10000610351562,87.72057342529297,275.94915771484375,216.66744995117188
2020-12-30,130.75880432128906,164.29249572753906,86.76292419433594,271.05389404296875,214.2799072265625
2020-12-31,129.75157165527344,162.84649658203125,87.3794174194336,272.34002685546875,214.99520874023438
2021-01-04,126.54421997070312,159.3314971923828,86.20030975341797,268.1326904296875,210.423095703125
2021-01-05,128.10877990722656,160.92550659179688,86.83275604248047,270.1565856933594,210.62608337402344
2021-01-06,123.79644775390625,156.91900634765625,86.55194091796875,262.51959228515625,205.16470336914062
2021-01-07,128.02078247070312,158.10800170898438,89.1435775756836,267.93328857421875,211.0030517578125
2021-01-08,129.12574768066406,159.13499450683594,90.13912963867188,266.7668151855469,212.2886962890625
2021-01-11,126.12372589111328,155.7104949951172,88.11959075927734,256.0690002441406,210.2297821044922
2021-01-12,125.94772338867188,156.04150390625,87.11356353759766,250.3362579345703,207.75521850585938
2021-01-13,127.99143981933594,158.29449462890625,87.5051040649414,250.88462829589844,209.1181640625
2021-01-14,126.0552749633789,156.37350463867188,86.79584503173828,244.9026336669922,205.9089813232422
2021-01-15,124.3244857788086,155.21249389648438,86.59683990478516,250.60545349121094,205.5513153076172
2021-01-19,124.99920654296875,156.03799438476562,89.3236312866211,260.31622314453125,209.21478271484375
2021-01-20,129.10618591308594,163.16900634765625,94.11387634277344,266.6770935058594,216.85110473632812
2021-01-21,133.83901977539062,165.34950256347656,94.33084106445312,272.0509033203125,217.4600830078125
2021-01-22,135.99029541015625,164.6114959716797,94.81964111328125,273.6759948730469,218.40733337402344
2021-01-25,139.75506591796875,164.6999969482422,94.73734283447266,277.17547607421875,221.8678436279297
2021-01-26,139.98973083496094,166.30650329589844,95.62715911865234,281.2033386230469,224.57440185546875
2021-01-27,138.91407775878906,161.62899780273438,91.31524658203125,271.32305908203125,225.12535095214844
2021-01-28,134.05413818359375,161.88099670410156,92.92728424072266,264.2044982910156,230.95404052734375
2021-01-29,129.03775024414062,160.30999755859375,91.56214141845703,257.5545349121094,224.2167510986328
2021-02-01,131.1694793701172,167.1439971923828,94.8345947265625,261.2234802246094,231.64999389648438
2021-02-02,132.00067138671875,169.0,96.139404296875,266.27825927734375,231.51470947265625
2021-02-03,130.973876953125,165.62649536132812,103.24993896484375,265.84954833984375,234.88819885253906
2021-02-04,134.34750366210938,166.5500030517578,102.86588287353516,265.6900329589844,233.93124389648438
2021-02-05,133.93128967285156,167.6074981689453,104.64302062988281,267.2951965332031,234.1149139404297
2021-02-08,134.07818603515625,166.14700317382812,104.3891372680664,265.77978515625,234.37588500976562
2021-02-09,133.19679260253906,165.25,103.9202880859375,268.64117431640625,235.63247680664062
2021-02-10,132.58961486816406,164.32899475097656,104.51233673095703,271.05389404296875,234.7141876220703
2021-02-11,132.3350067138672,163.10650634765625,104.53777313232422,269.5783386230469,236.32846069335938
2021-02-12,132.57000732421875,163.885498046875,104.94776153564453,269.68798828125,236.81179809570312
2021-02-16,130.4351043701172,163.44749450683594,105.83509063720703,273.1475830078125,235.56483459472656
2021-02-17,128.1337127685547,165.4320068359375,106.15480041503906,272.7488098144531,236.59178161621094
2021-02-18,127.0271224975586,166.4114990234375,105.60066986083984,268.58135986328125,236.19456481933594
2021-02-19,127.18377685546875,162.4949951171875,104.79962921142578,260.77484130859375,233.46243286132812
2021-02-22,123.39385223388672,159.03700256347656,102.99107360839844,259.54852294921875,227.20367431640625
2021-02-23,123.25674438476562,159.72500610351562,103.28934478759766,265.0619201660156,226.0023193359375
2021-02-24,122.75729370117188,157.97650146484375,104.50186157226562,263.5165710449219,227.24246215820312
2021-02-25,118.48746490478516,152.85800170898438,101.31917572021484,253.9254608154297,221.8556671142578
2021-02-26,118.75189208984375,154.64649963378906,101.593505859375,256.8466796875,225.1400909423828
2021-03-01,125.14682006835938,157.3070068359375,103.8205337524414,264.11480712890625,229.5579833984375
2021-03-02,122.53205871582031,154.72650146484375,103.53773498535156,258.2225341796875,226.58364868164062
2021-03-03,119.53531646728516,150.25,101.08724975585938,254.643310546875,220.47023010253906
2021-03-04,117.6452407836914,148.8784942626953,102.20350646972656,256.8666076660156,219.66607666015625
2021-03-05,118.90856170654297,150.0229949951172,105.1687240600586,263.48663330078125,224.38438415527344
2021-03-08,113.95323181152344,147.59750366210938,100.96056365966797,254.54359436035156,220.30551147460938
2021-03-09,118.58538818359375,153.1425018310547,102.3835678100586,264.9422912597656,226.49639892578125
2021-03-10,117.49835968017578,152.8820037841797,102.49978637695312,264.10479736328125,225.1787872314453
2021-03-11,119.43742370605469,155.67950439453125,105.4794692993164,273.057861328125,229.7420654296875
2021-03-12,118.5266342163086,154.47450256347656,102.84342956542969,267.59429931640625,228.4050750732422
2021-03-15,121.42542266845703,154.08399963378906,103.07137298583984,272.9282531738281,227.4943389892578
2021-03-16,122.97273254394531,154.59300231933594,104.36968231201172,278.4416198730469,230.3040008544922
2021-03-17,122.17949676513672,156.7864990234375,104.29786682128906,283.1574401855469,229.65487670898438
2021-03-18,118.03697967529297,151.39950561523438,101.56158447265625,277.7835998535156,223.53173828125
2021-03-19,117.50814819335938,153.7480010986328,101.90973663330078,289.2391052246094,223.17332458496094
2021-03-22,120.83782196044922,155.5435028076172,101.6797866821289,292.6588134765625,228.6376190185547
2021-03-23,120.00540924072266,156.875,102.39653778076172,289.757568359375,230.1780548095703
2021-03-24,117.60608673095703,154.35350036621094,102.00250244140625,281.2930908203125,228.12411499023438
2021-03-25,118.09574127197266,152.31300354003906,101.96759033203125,277.90325927734375,225.1012725830078
2021-03-26,118.70291900634766,152.60150146484375,101.52816009521484,282.17041015625,229.11231994628906
2021-03-29,118.87919616699219,153.7864990234375,102.54566955566406,289.947021484375,227.91094970703125
2021-03-30,117.42001342773438,152.76449584960938,102.52521514892578,287.1354675292969,224.62657165527344
2021-03-31,119.62349700927734,154.70399475097656,103.17811584472656,293.6458740234375,228.4244384765625
2021-04-01,120.45590209960938,158.0500030517578,106.62564086914062,297.7634582519531,234.79940795898438
2021-04-05,123.2959213256836,161.3365020751953,111.0048828125,307.982666015625,241.31008911132812
2021-04-06,123.5995101928711,161.1909942626953,110.9649887084961,305.3406677246094,240.1377716064453
2021-04-07,125.25453186035156,163.96949768066406,112.20844268798828,312.150146484375,242.11419677734375
2021-04-08,127.66366577148438,164.96499633789062,112.9945068359375,312.0803527832031,245.3598175048828
2021-04-09,130.24903869628906,168.61000061035156,114.01399993896484,311.52203369140625,247.8788299560547
2021-04-12,128.5254669189453,168.96949768066406,112.46331787109375,310.60479736328125,247.93698120117188
2021-04-13,131.6494598388672,170.0,113.08578491210938,308.8301696777344,250.4365997314453
2021-04-14,129.2991180419922,166.64999389648438,112.4657974243164,301.9109802246094,247.62696838378906
2021-04-15,131.71804809570312,168.95449829101562,114.55168151855469,306.8959655761719,251.41513061523438
2021-04-16,131.38507080078125,169.9720001220703,114.6065444946289,305.2608642578125,252.616455078125
2021-04-19,132.05101013183594,168.60049438476562,114.83798217773438,301.33270263671875,250.67877197265625
2021-04-20,130.35679626464844,166.7344970703125,114.40055084228516,301.7414855957031,250.21376037597656
2021-04-21,130.73870849609375,168.1009979248047,114.38359069824219,300.5650329589844,252.46145629882812
2021-04-22,129.21099853515625,165.45199584960938,113.11820983886719,295.6299133300781,249.15771484375
2021-04-23,131.54177856445312,167.04400634765625,115.48139953613281,300.22607421875,253.0137176513672
2021-04-26,131.9334716796875,170.4499969482422,116.05199432373047,302.13031005859375,253.4011993408203
2021-04-27,131.61032104492188,170.8715057373047,115.07340240478516,302.65875244140625,253.80813598632812
2021-04-28,130.8170166015625,172.9250030517578,118.70398712158203,306.1781311035156,246.6290283203125
2021-04-29,130.71908569335938,173.5655059814453,121.19686126708984,328.5208740234375,244.6428680419922
2021-04-30,128.74093627929688,173.37100219726562,120.21077728271484,324.1041259765625,244.3231658935547
2021-05-03,129.79855346679688,169.32449340820312,119.46511840820312,321.6116638183594,244.01315307617188
2021-05-04,125.20556640625,165.593505859375,117.42413330078125,317.4043273925781,240.0699462890625
2021-05-05,125.4504165649414,163.52699279785156,117.5483169555664,314.0743408203125,238.79104614257812
2021-05-06,127.05652618408203,165.31849670410156,118.77581024169922,319.0593566894531,241.94952392578125
2021-05-07,127.73336791992188,164.58050537109375,119.64068603515625,318.12213134765625,244.59442138671875
2021-05-10,124.43726348876953,159.52450561523438,116.7961654663086,305.0515441894531,239.47894287109375
2021-05-11,123.51515197753906,161.19549560546875,115.15520477294922,305.60986328125,238.55856323242188
2021-05-12,120.43488311767578,157.5970001220703,111.67974090576172,301.64178466796875,231.5537872314453
2021-05-13,122.59302520751953,158.07350158691406,112.8214340209961,304.3436584472656,235.458251953125
2021-05-14,125.02584838867188,161.14500427246094,115.5242919921875,314.9915771484375,240.41871643066406
2021-05-17,123.8683090209961,163.51950073242188,115.78614807128906,314.5130310058594,237.541259765625
2021-05-18,122.4753189086914,161.61399841308594,114.88935089111328,309.029541015625,235.50669860839844
2021-05-19,122.31836700439453,161.58999633789062,115.1527099609375,312.648681640625,236.08932495117188
2021-05-20,124.88851928710938,162.38400268554688,117.51589965820312,317.6535949707031,239.3521728515625
2021-05-21,123.0442886352539,160.1540069580078,116.96774291992188,315.2807312011719,238.080078125
2021-05-24,124.68251037597656,162.24949645996094,120.03871154785156,323.6554870605469,243.52781677246094
2021-05-25,124.48632049560547,162.95249938964844,120.15840911865234,326.8060302734375,244.44065856933594
2021-05-26,124.43726348876953,163.25799560546875,121.37841033935547,326.6764221191406,244.21731567382812
2021-05-27,122.89713287353516,161.5054931640625,119.83121490478516,331.7510986328125,242.10032653808594
2021-05-28,122.23987579345703,161.15350341796875,120.2826156616211,327.74322509765625,242.45960998535156
2021-06-01,121.9161376953125,160.9324951171875,121.19287109375,328.1419982910156,240.24554443359375
2021-06-02,122.6812973022461,161.69949340820312,120.76741790771484,328.16192626953125,240.14846801757812
2021-06-03,121.19023895263672,159.35049438476562,119.93595886230469,325.0612487792969,238.60447692871094
2021-06-04,123.49552917480469,160.31100463867188,122.28768157958984,329.35833740234375,243.53753662109375
2021-06-07,123.50533294677734,159.90049743652344,123.00242614746094,335.5696105957031,246.47023010253906
2021-06-08,124.3293685913086,163.20550537109375,123.83837890625,332.6783142089844,245.2660369873047
2021-06-09,124.7119369506836,164.0574951171875,124.26482391357422,329.2586364746094,246.25656127929688
2021-06-10,123.71134185791016,167.4824981689453,125.77113342285156,331.4620056152344,249.80099487304688
2021-06-11,124.9277572631836,167.3415069580078,125.3885726928711,330.265625,250.43223571777344
2021-06-14,127.99821472167969,169.19349670410156,126.04246520996094,335.7590637207031,252.37442016601562
2021-06-15,127.17418670654297,169.156494140625,125.7242431640625,335.7391662597656,250.88861083984375
2021-06-16,127.67451477050781,170.7624969482422,125.3885726928711,330.08612060546875,249.93692016601562
2021-06-17,129.28330993652344,174.46200561523438,126.06141662597656,335.4998474121094,253.3551483154297
2021-06-18,127.97860717773438,174.34500122070312,125.25988006591797,328.6704406738281,251.9276580810547
2021-06-21,129.7836151123047,172.697998046875,126.14521026611328,331.2925109863281,255.03512573242188
2021-06-22,131.43165588378906,175.27200317382812,126.68836975097656,338.0122985839844,257.8318786621094
2021-06-23,131.156982421875,175.1909942626953,126.15169525146484,339.5675964355469,257.5987243652344
2021-06-24,130.8724822998047,172.45399475097656,126.97018432617188,342.1498107910156,258.97772216796875
2021-06-25,130.57821655273438,170.072998046875,126.68389129638672,340.34527587890625,257.3560485839844
2021-06-28,132.21644592285156,172.1945037841797,126.50881958007812,354.5724182128906,260.94903564453125
2021-06-29,133.73695373535156,172.40699768066406,125.70977783203125,350.8337097167969,263.551513671875
2021-06-30,134.35496520996094,172.00799560546875,125.00900268554688,346.6662292480469,263.06597900390625
2021-07-01,134.6591033935547,171.64849853515625,126.05892181396484,353.3262023925781,263.7456970214844
2021-07-02,137.29791259765625,175.5489959716797,128.40365600585938,353.63525390625,269.6208190917969
2021-07-06,139.31875610351562,183.78700256347656,129.4530792236328,351.72100830078125,269.6305236816406
2021-07-07,141.8202362060547,184.82899475097656,129.7588348388672,349.4378356933594,271.83489990234375
2021-07-08,140.5155487060547,186.57049560546875,128.86053466796875,344.6123962402344,269.3974609375
2021-07-09,142.34999084472656,185.9669952392578,129.25706481933594,349.3681335449219,269.90240478515625
2021-07-12,141.7515411376953,185.92750549316406,130.244140625,352.0998840332031,269.3004150390625
2021-07-13,142.869873046875,183.8679962158203,130.67359924316406,351.0331115722656,272.85455322265625
2021-07-14,146.31312561035156,184.08399963378906,131.75892639160156,346.58648681640625,274.3402404785156
2021-07-15,145.65586853027344,181.55999755859375,130.94491577148438,343.42596435546875,272.9031066894531
2021-07-16,143.60560607910156,178.68150329589844,131.52252197265625,340.1358642578125,272.631103515625
2021-07-19,139.74053955078125,177.47950744628906,128.93736267089844,335.93853759765625,268.99932861328125
2021-07-20,143.37017822265625,178.6595001220703,130.78033447265625,340.6343994140625,271.242431640625
2021-07-21,142.63442993164062,179.25999450683594,132.27565002441406,345.190673828125,273.2623291015625
2021-07-22,144.0078125,181.90150451660156,133.0018768310547,350.13580322265625,277.8652648925781
2021-07-23,145.73434448242188,182.83200073242188,137.47837829589844,368.6799621582031,281.293212890625
2021-07-26,146.15618896484375,184.99099731445312,139.30239868164062,371.3419189453125,280.6911926269531
2021-07-27,143.9783935546875,181.3195037841797,136.4613800048828,366.7059020996094,278.253662109375
2021-07-28,142.222412109375,181.51600646972656,136.04739379882812,372.15948486328125,277.9429626464844
2021-07-29,142.869873046875,179.99600219726562,136.2060089111328,357.2443542480469,278.2148742675781
2021-07-30,143.08567810058594,166.37950134277344,134.8897247314453,355.2304382324219,276.6708679199219
2021-08-02,142.75216674804688,166.57400512695312,135.65635681152344,350.8935241699219,276.5834045410156
2021-08-03,144.5571746826172,168.31199645996094,135.94613647460938,350.18560791015625,278.8169250488281
2021-08-04,144.1549530029297,167.73599243164062,135.6952667236328,357.8426208496094,278.22454833984375
2021-08-05,144.2628631591797,168.79949951171875,136.60452270507812,361.88043212890625,281.14752197265625
2021-08-06,143.57513427734375,167.2469940185547,136.70028686523438,362.4188232421875,281.0892333984375
2021-08-09,143.52603149414062,167.093505859375,137.66392517089844,360.52447509765625,279.99188232421875
2021-08-10,143.04464721679688,166.03399658203125,137.75819396972656,360.04595947265625,278.1565856933594
2021-08-11,143.30007934570312,164.60549926757812,137.35218811035156,358.8794250488281,278.6518859863281
2021-08-12,146.27688598632812,165.1750030517578,138.0504608154297,361.5613708496094,281.42913818359375
2021-08-13,146.48318481445312,164.69850158691406,138.0669403076172,362.08978271484375,284.3812255859375
2021-08-16,148.46774291992188,164.94949340820312,138.57568359375,365.45965576171875,286.0806579589844
2021-08-17,147.55409240722656,162.09800720214844,136.96414184570312,357.3739929199219,284.6045837402344
2021-08-18,143.7913055419922,160.06100463867188,136.23544311523438,354.38299560546875,282.86309814453125
2021-08-19,144.12530517578125,159.3874969482422,136.5780792236328,354.0539855957031,288.7395324707031
2021-08-20,145.5891571044922,159.99749755859375,138.0978546142578,358.2912292480469,296.1241149902344
2021-08-23,147.08251953125,163.2935028076172,140.7538299560547,362.2593078613281,296.4063415527344
2021-08-24,146.99404907226562,165.28900146484375,142.0496368408203,364.4128112792969,294.4313049316406
2021-08-25,145.7561798095703,164.95899963378906,142.59979248046875,367.2841796875,293.8377685546875
2021-08-26,144.9506072998047,165.8000030517578,141.7748260498047,363.28619384765625,290.9967956542969
2021-08-27,145.9919891357422,167.48150634765625,144.19638061523438,371.51141357421875,291.6097717285156
2021-08-30,150.43264770507812,171.07850646972656,145.11312866210938,379.5173034667969,295.3750305175781
2021-08-31,149.165283203125,173.5395050048828,145.10565185546875,378.24114990234375,293.7113037109375
2021-09-01,149.8333282470703,173.9499969482422,145.48471069335938,380.90313720703125,293.6626281738281
2021-09-02,150.953369140625,173.156005859375,143.86569213867188,374.1534729003906,293.0010986328125
2021-09-03,151.59194946289062,173.90249633789062,144.42031860351562,375.1305236816406,292.9913330078125
2021-09-07,153.9400177001953,175.46449279785156,145.16250610351562,381.03277587890625,292.0572814941406
2021-09-08,152.38772583007812,176.27499389648438,144.528564453125,376.43658447265625,292.0864562988281
2021-09-09,151.36599731445312,174.20799255371094,144.55848693847656,376.86529541015625,289.20660400390625
2021-09-10,146.35548400878906,173.45750427246094,141.57333374023438,377.5532531738281,287.7082824707031
2021-09-13,146.92530822753906,172.85850524902344,143.11354064941406,375.37982177734375,288.9535827636719
2021-09-14,145.52040100097656,172.5,143.0546875,375.39971923828125,291.67791748046875
2021-09-15,146.41441345214844,173.7895050048828,144.8502655029297,372.7975769042969,296.57177734375
2021-09-16,146.1786346435547,174.41200256347656,144.01980590820312,371.94012451171875,296.9609375
2021-09-17,143.49656677246094,173.12600708007812,141.116943359375,363.6251525878906,291.7556457519531
2021-09-20,140.43133544921875,167.7864990234375,138.67642211914062,354.6322326660156,286.33642578125
2021-09-21,140.91270446777344,167.18150329589844,139.30438232421875,356.4069519042969,286.8229064941406
2021-09-22,143.29025268554688,169.00250244140625,140.59323120117188,342.1797180175781,290.5006103515625
2021-09-23,144.25306701660156,170.8000030517578,141.47906494140625,344.9215087890625,291.4540710449219
2021-09-24,144.34149169921875,171.2760009765625,142.2835693359375,351.90045166015625,291.2497253417969
2021-09-27,142.8186798095703,170.2899932861328,141.15435791015625,352.5185852050781,286.2099609375
2021-09-28,139.41941833496094,165.79800415039062,135.85037231445312,339.6274108886719,275.8481140136719
2021-09-29,140.3232421875,165.05599975585938,134.19143676757812,338.5905456542969,276.31512451171875
2021-09-30,139.01661682128906,164.2519989013672,132.93902587890625,338.3712158203125,274.2913818359375
2021-10-01,140.14639282226562,164.16299438476562,136.12818908691406,341.9803466796875,281.2771301269531
2021-10-04,136.69801330566406,159.48899841308594,133.4373016357422,325.250732421875,275.44915771484375
2021-10-05,138.6334228515625,161.0500030517578,135.84339904785156,331.96051025390625,280.94635009765625
2021-10-06,139.50779724121094,163.10049438476562,137.01751708984375,332.6385192871094,285.17864990234375
2021-10-07,140.7751922607422,165.1215057373047,138.8445281982422,328.2317199707031,286.8715515136719
2021-10-08,140.39202880859375,164.43099975585938,139.712890625,329.0592346191406,286.8715515136719
2021-10-11,140.30360412597656,162.31500244140625,138.50735473632812,324.4730529785156,286.2682800292969
2021-10-12,139.0264129638672,162.3665008544922,136.37808227539062,322.7980651855469,284.9548645019531
2021-10-13,138.4369659423828,164.21400451660156,137.5621795654297,323.5657958984375,288.2919921875
2021-10-14,141.23692321777344,164.9929962158203,141.06556701660156,327.5437927246094,294.5577392578125
2021-10-15,142.2979736328125,170.4510040283203,141.3279266357422,323.7851257324219,295.97821044921875
2021-10-18,143.9779510498047,172.33700561523438,142.6102752685547,334.3333435058594,298.9749450683594
2021-10-19,146.149169921875,172.20750427246094,143.46966552734375,338.9693908691406,299.8894958496094
2021-10-20,146.64041137695312,170.7530059814453,142.06610107421875,339.7570495605469,299.0916748046875
2021-10-21,146.85653686523438,171.75050354003906,142.43072509765625,340.8537292480469,302.35107421875
2021-10-22,146.08042907714844,166.77749633789062,138.285400390625,323.63555908203125,300.7943115234375
2021-10-25,146.03126525878906,166.01849365234375,138.43301391601562,327.70330810546875,299.7922058105469
2021-10-26,146.69937133789062,168.80349731445312,139.329833984375,314.8619689941406,301.71856689453125
2021-10-27,146.23760986328125,169.62449645996094,146.06878662109375,311.2827453613281,314.4252014160156
2021-10-28,149.89234924316406,172.32850646972656,145.77101135253906,315.9686584472656,315.57330322265625
2021-10-29,147.17092895507812,168.6215057373047,147.90725708007812,322.5986633300781,322.64654541015625
2021-11-01,146.3456573486328,165.90550231933594,143.42178344726562,328.9894714355469,320.4573669433594
2021-11-02,147.38706970214844,165.6374969482422,145.5056610107422,327.09515380859375,324.1156921386719
2021-11-03,148.83123779296875,169.1999969482422,146.43038940429688,330.6245422363281,324.962158203125
2021-11-04,148.31056213378906,173.85000610351562,148.31875610351562,334.84185791015625,327.3360595703125
2021-11-05,148.84185791015625,175.94949340820312,148.87539672851562,340.10595703125,326.9664306640625
2021-11-08,148.015380859375,174.44900512695312,148.98561096191406,337.603515625,327.8712463378906
2021-11-09,148.37945556640625,178.81149291992188,148.88287353515625,334.3632507324219,326.85943603515625
2021-11-10,145.5360107421875,174.1024932861328,146.26681518554688,326.656494140625,321.8487548828125
2021-11-11,145.48681640625,173.625,146.38848876953125,326.75616455078125,323.4346618652344
2021-11-12,147.57264709472656,176.25750732421875,149.27890014648438,339.8667297363281,327.60858154296875
2021-11-15,147.5824737548828,177.28399658203125,149.02203369140625,346.5166931152344,326.97613525390625
2021-11-16,148.5663604736328,177.03500366210938,148.71080017089844,341.93048095703125,330.3230285644531
2021-11-17,151.0162353515625,177.4499969482422,148.6968231201172,339.7470397949219,330.54730224609375
2021-11-18,155.32565307617188,184.80299377441406,150.33978271484375,337.6733093261719,332.64288330078125
2021-11-19,157.9624786376953,183.82850646972656,149.58514404296875,344.2634582519531,334.43634033203125
2021-11-22,158.42489624023438,178.6284942626953,146.71820068359375,339.9863586425781,331.2392578125
2021-11-23,158.80862426757812,179.0019989013672,146.39747619628906,336.23760986328125,329.14361572265625
2021-11-24,159.33006286621094,179.02049255371094,146.3580780029297,340.03619384765625,329.3677978515625
2021-11-26,154.28274536132812,175.22799682617188,142.45614624023438,332.1200256347656,321.3458557128906
2021-11-29,157.65744018554688,178.07850646972656,145.7560577392578,337.0152893066406,328.12017822265625
2021-11-30,162.63592529296875,175.35350036621094,142.10301208496094,323.48602294921875,322.23291015625
2021-12-01,162.11444091796875,172.18600463867188,141.2710723876953,309.66766357421875,321.7357482910156
2021-12-02,161.12074279785156,171.8679962158203,143.42428588867188,309.458251953125,321.1606140136719
2021-12-03,159.23165893554688,169.489501953125,142.1713409423828,305.9189147949219,314.8445129394531
2021-12-06,162.6555938720703,171.36849975585938,143.4442138671875,316.9158020019531,317.944091796875
2021-12-07,168.42111206054688,176.1645050048828,147.673828125,321.8409729003906,326.45343017578125
2021-12-08,172.25827026367188,176.1580047607422,148.3561553955078,329.5677185058594,326.5021667480469
2021-12-09,171.7466583251953,174.17100524902344,147.7431640625,328.8299560546875,324.6794128417969
2021-12-10,176.5578155517578,172.21200561523438,148.31077575683594,328.7601623535156,333.88079833984375
2021-12-13,172.90765380859375,169.5675048828125,146.34510803222656,333.48590087890625,330.82012939453125
2021-12-14,171.52035522460938,169.0915069580078,144.6153564453125,332.7381591796875,320.03973388671875
2021-12-15,176.4102783203125,173.31500244140625,147.00747680664062,340.6343994140625,326.19024658203125
2021-12-16,169.48370361328125,168.87100219726562,144.48367309570312,333.8946838378906,316.68670654296875
2021-12-17,168.38177490234375,170.0175018310547,142.45315551757812,332.78802490234375,315.6144714355469
2021-12-20,167.01416015625,167.07899475097656,142.05264282226562,324.4730529785156,311.8228454589844
2021-12-21,170.2019805908203,170.41700744628906,143.86720275878906,333.19677734375,319.01629638671875
2021-12-22,172.80923461914062,171.03700256347656,146.58900451660156,329.4580383300781,324.7769775390625
2021-12-23,173.43893432617188,171.06849670410156,146.7820281982422,334.2336730957031,326.229248046875
2021-12-27,177.42369079589844,169.66949462890625,147.70126342773438,345.14080810546875,333.79302978515625
2021-12-28,176.40042114257812,170.66099548339844,146.0892333984375,345.18072509765625,332.6234130859375
2021-12-29,176.48899841308594,169.2010040283203,146.14559936523438,341.91058349609375,333.30572509765625
2021-12-30,175.32798767089844,168.64450073242188,145.6448211669922,343.3262634277344,330.7421875
2021-12-31,174.70816040039062,166.7169952392578,144.3250732421875,335.34033203125,327.8179931640625
2022-01-03,179.0765838623047,170.4044952392578,144.71908569335938,337.52374267578125,326.2876892089844
2022-01-04,176.80381774902344,167.52200317382812,144.06271362304688,335.5198059082031,320.6927490234375
2022-01-05,172.10086059570312,164.35699462890625,137.3162841796875,323.1968994140625,308.3821105957031
2022-01-06,169.22792053222656,163.25399780273438,137.2140350341797,331.4620056152344,305.9452819824219
2022-01-07,169.39517211914062,162.5540008544922,136.6688690185547,330.7940368652344,306.1012268066406
2022-01-10,169.4148406982422,161.48599243164062,138.23452758789062,327.0851745605469,306.325439453125
2022-01-11,172.25827026367188,165.36199951171875,139.6744842529297,333.36627197265625,307.0174255371094
2022-01-12,172.70103454589844,165.20700073242188,141.3009796142578,332.2596130371094,310.2242736816406
2022-01-13,169.4148406982422,161.21400451660156,138.7901611328125,325.4999694824219,297.0948791503906
2022-01-14,170.28065490722656,162.13800048828125,139.4440460205078,330.9036865234375,302.35833740234375
2022-01-18,167.06338500976562,158.91749572753906,135.95660400390625,317.1949462890625,294.9991760253906
2022-01-19,163.55088806152344,156.2989959716797,135.31967163085938,318.6306457519531,295.6619873046875
2022-01-20,161.85861206054688,151.66749572753906,133.179443359375,315.6097412109375,293.9757385253906
2022-01-21,159.79246520996094,142.64300537109375,129.77330017089844,302.25994873046875,288.5465087890625
2022-01-24,159.0152130126953,144.54400634765625,130.05259704589844,307.7832946777344,288.87786865234375
2022-01-25,157.2048797607422,139.98599243164062,126.42501831054688,299.2489929199219,281.19708251953125
2022-01-26,157.1163330078125,138.87249755859375,128.92340087890625,293.74554443359375,289.2092590332031
2022-01-27,156.65391540527344,139.6374969482422,128.80467224121094,293.75555419921875,292.26019287109375
2022-01-28,167.58485412597656,143.97799682617188,132.9629669189453,300.8042907714844,300.4674377441406
2022-01-31,171.9630889892578,149.57350158691406,135.36607360839844,312.31964111328125,303.11859130859375
2022-02-01,171.79586791992188,151.19349670410156,137.54071044921875,318.04241943359375,300.9547424316406
2022-02-02,173.0060272216797,150.6125030517578,147.673828125,322.0303955078125,305.535888671875
2022-02-03,170.11341857910156,138.8455047607422,142.30104064941406,237.04627990722656,293.6346435546875
2022-02-04,169.8277587890625,157.63949584960938,142.66563415527344,236.37831115722656,298.2060241699219
2022-02-07,169.1085968017578,157.9355010986328,138.59762573242188,224.23486328125,293.3421630859375
2022-02-08,172.23147583007812,161.4134979248047,138.87196350097656,219.51905822753906,296.86090087890625
2022-02-09,173.659912109375,161.1894989013672,141.10647583007812,231.30357360839844,303.3428039550781
2022-02-10,169.56175231933594,159.0034942626953,138.262939453125,227.3853759765625,294.73602294921875
2022-02-11,166.1334686279297,153.2935028076172,133.80140686035156,218.89096069335938,287.5815734863281
2022-02-14,166.3699188232422,155.16700744628906,134.96853637695312,217.04649353027344,287.5425720214844
2022-02-15,170.22181701660156,156.510498046875,136.09127807617188,220.33657836914062,292.87432861328125
2022-02-16,169.9853515625,158.10049438476562,137.1506805419922,215.8899688720703,292.532470703125
2022-02-17,166.3699188232422,154.65249633789062,131.984375,207.08648681640625,283.96649169921875
2022-02-18,164.8133544921875,152.60150146484375,130.1478729248047,205.5411376953125,281.2316589355469
2022-02-22,161.87767028808594,150.19749450683594,129.0854949951172,201.473388671875,281.02642822265625
2022-02-23,157.6908721923828,144.82699584960938,127.2724380493164,197.85427856445312,273.7497863769531
2022-02-24,160.32119750976562,151.35800170898438,132.3484649658203,206.97682189941406,287.7366638183594
2022-02-25,162.3998260498047,153.7884979248047,134.18994140625,209.84815979003906,290.3934020996094
2022-02-28,162.66575622558594,153.56300354003906,134.56056213378906,210.3965301513672,291.8390197753906
2022-03-01,160.7743377685547,151.14199829101562,133.83932495117188,202.879150390625,288.08831787109375
2022-03-02,164.08436584472656,152.05250549316406,134.42138671875,207.4852752685547,293.2063903808594
2022-03-03,163.75926208496094,147.89849853515625,133.97897338867188,202.3607177734375,289.0357666015625
2022-03-04,160.7447509765625,145.64100646972656,131.79832458496094,199.45945739746094,283.1167297363281
2022-03-07,156.9323272705078,137.4530029296875,126.1546859741211,186.90724182128906,272.4214172363281
2022-03-08,155.09994506835938,136.01449584960938,126.96669006347656,189.71878051757812,269.4326477050781
2022-03-09,160.52804565429688,139.2790069580078,133.53805541992188,197.9041290283203,281.7883605957031
2022-03-10,156.16390991210938,146.8175048828125,132.35696411132812,194.6240234375,278.9460754394531
2022-03-11,152.43019104003906,145.52450561523438,130.15585327148438,187.0468292236328,273.5544738769531
2022-03-14,148.38131713867188,141.85299682617188,126.43051147460938,186.0697784423828,270.0089111328125
2022-03-15,152.7848663330078,147.3665008544922,129.34286499023438,191.45355224609375,280.46978759765625
2022-03-16,157.2179718017578,153.10400390625,133.3629913330078,203.01873779296875,287.5413513183594
2022-03-17,158.232666015625,157.23899841308594,134.270751953125,207.21609497070312,288.3520202636719
2022-03-18,161.54273986816406,161.25050354003906,136.4663543701172,215.8401336669922,293.4407653808594
2022-03-21,162.9219512939453,161.4915008544922,136.14414978027344,210.8551483154297,292.2003479003906
2022-03-22,166.310791015625,164.88900756835938,139.933837890625,215.99964904785156,296.98638916015625
2022-03-23,167.6801300048828,163.4080047607422,138.16419982910156,212.81922912597656,292.5226745605469
2022-03-24,171.48275756835938,163.64950561523438,140.96580505371094,218.910888671875,297.02545166015625
2022-03-25,172.1231231689453,164.77349853515625,141.1748046875,221.1541290283203,296.61517333984375
2022-03-28,172.99002075195312,168.99049377441406,141.6022491455078,222.91880798339844,303.47186279296875
2022-03-29,176.30006408691406,169.31500244140625,142.89906311035156,229.1699981689453,308.0723571777344
2022-03-30,175.12777709960938,166.30099487304688,142.2950439453125,227.16603088378906,306.5583190917969
2022-03-31,172.01475524902344,162.99749755859375,139.30738830566406,221.69252014160156,301.13751220703125
2022-04-01,171.7191925048828,163.55999755859375,140.35531616210938,224.17503356933594,302.2216491699219
2022-04-04,175.787841796875,168.34649658203125,143.2906036376953,233.18789672851562,307.6425476074219
2022-04-05,172.4580078125,164.05499267578125,140.71742248535156,231.14404296875,303.6477355957031
2022-04-06,169.2760467529297,158.75599670410156,136.83993530273438,222.6296844482422,292.532470703125
2022-04-07,169.58145141601562,157.7845001220703,136.13067626953125,222.28074645996094,294.35894775390625
2022-04-08,167.5619354248047,154.4604949951172,133.68218994140625,221.66261291503906,290.061279296875
2022-04-11,163.2864227294922,151.1219940185547,129.478515625,215.81021118164062,278.6237487792969
2022-04-12,165.16806030273438,150.78750610351562,128.05999755859375,213.4971923828125,275.4981384277344
2022-04-13,167.8673095703125,155.54100036621094,129.96682739257812,214.3446502685547,280.9288024902344
2022-04-14,162.8332061767578,151.7064971923828,126.94125366210938,209.549072265625,273.3200378417969
2022-04-18,162.61654663085938,152.78500366210938,127.64752197265625,210.13731384277344,273.99395751953125
2022-04-19,164.911865234375,158.11549377441406,130.2112274169922,216.65765380859375,278.66278076171875
2022-04-20,164.74441528320312,153.9980010986328,127.93132781982422,199.81837463378906,279.6980895996094
2022-04-21,163.94642639160156,148.29600524902344,124.63142395019531,187.5054473876953,274.2772521972656
2022-04-22,159.38526916503906,144.35000610351562,119.32096099853516,183.55734252929688,267.6549987792969
2022-04-25,160.45907592773438,146.07400512695312,122.94806671142578,186.42868041992188,274.1893310546875
2022-04-26,154.46946716308594,139.39100646972656,119.21322631835938,180.4068145751953,263.9336242675781
2022-04-27,154.24285888671875,138.16700744628906,114.73872375488281,174.42483520507812,276.63116455078125
2022-04-28,161.207763671875,144.59649658203125,119.11896514892578,205.1124267578125,282.8920593261719
2022-04-29,155.3068084716797,124.28150177001953,114.68485260009766,199.8682098388672,271.0637512207031
2022-05-02,155.6122283935547,124.5,116.86997985839844,210.49623107910156,277.8520812988281
2022-05-03,157.10960388183594,124.25350189208984,117.8401107788086,211.39352416992188,275.2246398925781
2022-05-04,163.55238342285156,125.92849731445312,122.27471160888672,222.73936462402344,283.23394775390625
2022-05-05,154.43988037109375,116.40699768066406,116.46049499511719,207.65476989746094,270.897705078125
2022-05-06,155.16995239257812,114.77249908447266,115.37665557861328,203.15830993652344,268.3387451171875
2022-05-09,150.01998901367188,108.78900146484375,112.80696105957031,195.6210174560547,258.4248352050781
2022-05-10,152.4371337890625,108.85900115966797,114.30379486083984,197.0566864013672,263.2303161621094
2022-05-11,144.5345916748047,105.37200164794922,113.68181610107422,188.17343139648438,254.48854064941406
2022-05-12,140.64743041992188,106.93049621582031,112.88378143310547,190.66592407226562,249.40956115722656
2022-05-13,145.1363983154297,113.05500030517578,116.23006439208984,198.02377319335938,255.04530334472656
2022-05-16,143.58749389648438,110.81050109863281,114.51128387451172,199.4394989013672,255.41647338867188
2022-05-17,147.2378387451172,115.36849975585938,116.41560363769531,202.0117645263672,260.6127014160156
2022-05-18,138.93080139160156,107.11250305175781,112.12564086914062,191.66293334960938,248.74710083007812
2022-05-19,135.50732421875,107.31900024414062,110.47419738769531,190.7157745361328,247.8268280029297
2022-05-20,135.74412536621094,107.59100341796875,109.04520416259766,192.95901489257812,247.25901794433594
2022-05-23,141.19007873535156,107.55699920654297,111.39292907714844,195.6409454345703,255.17918395996094
2022-05-24,138.4770050048828,104.0999984741211,105.66650390625,180.73582458496094,254.1708526611328
2022-05-25,138.63479614257812,106.7750015258789,105.58021545410156,183.27816772460938,257.00994873046875
2022-05-26,141.85110473632812,111.07749938964844,108.03069305419922,191.0547637939453,260.3190002441406
2022-05-27,147.6324462890625,115.14649963378906,112.52266693115234,194.54425048828125,267.5049743652344
2022-05-31,146.8431854248047,120.20950317382812,113.75962829589844,193.05873107910156,266.1636962890625
2022-06-01,146.7149658203125,121.68399810791016,113.85738372802734,188.07374572753906,266.7021789550781
2022-06-02,149.18138122558594,125.51100158691406,117.45755004882812,198.26304626464844,268.8167724609375
2022-06-03,143.4296112060547,122.3499984741211,114.2833480834961,190.20730590820312,264.3525390625
2022-06-06,144.17942810058594,124.79000091552734,116.72384643554688,193.66688537597656,263.1092529296875
2022-06-07,146.7149658203125,123.0,116.94231414794922,195.06268310546875,266.7804870605469
2022-06-08,145.97499084472656,121.18000030517578,116.9507827758789,196.04971313476562,264.7343444824219
2022-06-09,140.72637939453125,116.1500015258789,114.636474609375,183.44766235351562,259.2323303222656
2022-06-10,135.29029846191406,109.6500015258789,111.1545181274414,175.04296875,247.67999267578125
2022-06-13,130.11073303222656,103.66999816894531,106.61467742919922,163.76690673828125,237.17520141601562
2022-06-14,130.97891235351562,102.30999755859375,106.931396484375,163.23849487304688,239.3583984375
2022-06-15,133.61309814453125,107.66999816894531,110.12007141113281,168.84164428710938,246.4757843017578
2022-06-16,128.3151092529297,103.66000366210938,106.37476348876953,160.38710021972656,239.8283233642578
2022-06-17,129.7949981689453,106.22000122070312,107.60125732421875,163.2484893798828,242.45205688476562
2022-06-21,134.04718017578125,108.68000030517578,111.74058532714844,156.5785675048828,248.4142608642578
2022-06-22,133.53419494628906,108.94999694824219,111.75953674316406,155.38217163085938,247.8170166015625
2022-06-23,136.41502380371094,112.44000244140625,112.408447265625,158.27346801757812,253.42674255371094
2022-06-24,139.759521484375,116.45999908447266,118.24761199951172,169.6492156982422,262.08123779296875
2022-06-27,139.759521484375,113.22000122070312,116.3367919921875,168.98121643066406,259.3302307128906
2022-06-28,135.59613037109375,107.4000015258789,112.29573059082031,160.19764709472656,251.0967254638672
2022-06-29,137.3621368408203,108.91999816894531,111.98149871826172,163.44789123535156,254.7974090576172
2022-06-30,134.8857879638672,106.20999908447266,109.10455322265625,160.7659454345703,251.43939208984375
2022-07-01,137.066162109375,109.55999755859375,108.81377410888672,159.5496063232422,254.1316375732422
2022-07-05,139.66085815429688,113.5,113.60800170898438,167.68511962890625,257.3330078125
2022-07-06,141.0026092529297,114.33000183105469,114.9312515258789,169.26039123535156,260.62249755859375
2022-07-07,144.3865966796875,116.33000183105469,119.01371765136719,171.67312622070312,262.7665710449219
2022-07-08,145.06732177734375,115.54000091552734,119.87411499023438,170.3670654296875,262.0420837402344
2022-07-11,142.92645263671875,111.75,116.23704528808594,162.39105224609375,258.9582214355469
2022-07-12,143.90318298339844,109.22000122070312,114.5681381225586,162.77989196777344,248.34568786621094
2022-07-13,143.5381317138672,110.4000015258789,111.91216278076172,162.99923706054688,247.41566467285156
2022-07-14,146.47816467285156,110.62999725341797,111.1669921875,157.5755615234375,248.74710083007812
2022-07-15,148.15536499023438,113.55000305175781,112.49073791503906,164.20559692382812,251.3317108154297
2022-07-18,145.09695434570312,113.76000213623047,109.6407470703125,166.72799682617188,248.9135284423828
2022-07-19,148.97421264648438,118.20999908447266,114.33920288085938,175.25233459472656,254.08273315429688
2022-07-20,150.98684692382812,122.7699966430664,114.41899871826172,182.54037475585938,256.76519775390625
2022-07-21,153.265869140625,124.62999725341797,114.7581787109375,182.62014770507812,259.28125
2022-07-22,152.0227508544922,122.41999816894531,108.09453582763672,168.76187133789062,254.89523315429688
2022-07-25,150.8980712890625,121.13999938964844,107.94490051269531,166.1497344970703,253.3973846435547
2022-07-26,149.566162109375,114.80999755859375,105.18169403076172,158.67225646972656,246.61285400390625
2022-07-27,154.68653869628906,120.97000122070312,113.32170104980469,169.07095336914062,263.099365234375
2022-07-28,155.23902893066406,122.27999877929688,114.30927276611328,160.237548828125,270.6083984375
2022-07-29,160.3297882080078,134.9499969482422,116.354248046875,158.62242126464844,274.8475341796875
2022-08-01,159.34323120117188,135.38999938964844,115.19709777832031,159.4499053955078,272.17486572265625
2022-08-02,157.8633270263672,134.16000366210938,115.61607360839844,159.70913696289062,269.05181884765625
2022-08-03,163.90122985839844,139.52000427246094,118.489013671875,168.2932891845703,276.54119873046875
2022-08-04,163.5855255126953,142.57000732421875,118.57878875732422,170.0579833984375,277.6965026855469
2022-08-05,163.3583221435547,140.8000030517578,117.93038177490234,166.60836791992188,276.97198486328125
2022-08-08,162.88406372070312,139.41000366210938,117.85057830810547,169.7389373779297,274.4363708496094
2022-08-09,162.9334716796875,137.8300018310547,117.21214294433594,168.02410888671875,276.374755859375
2022-08-10,167.20143127441406,142.69000244140625,120.35443115234375,177.8046417236328,283.0907897949219
2022-08-11,166.46051025390625,140.63999938964844,119.5264663696289,176.95721435546875,280.9956970214844
2022-08-12,170.02699279785156,143.5500030517578,122.34953308105469,179.95816040039062,285.7830505371094
2022-08-15,171.10386657714844,143.17999267578125,122.57896423339844,180.3470001220703,287.31036376953125
2022-08-16,170.94580078125,144.77999877929688,122.20987701416016,178.93125915527344,286.5662841796875
2022-08-17,172.44747924804688,142.10000610351562,120.02523803710938,174.32513427734375,285.81085205078125
2022-08-18,172.05227661132812,142.3000030517578,120.56391906738281,174.1356964111328,284.6825866699219
2022-08-19,169.45399475097656,138.22999572753906,117.83063507080078,167.45582580566406,280.73858642578125
2022-08-22,165.5515594482422,133.22000122070312,114.78810119628906,162.560546875,272.4974365234375
2022-08-23,165.21563720703125,133.6199951171875,114.48883056640625,160.62637329101562,271.21221923828125
2022-08-24,165.5120391845703,133.8000030517578,114.41899871826172,162.76992797851562,270.5745544433594
2022-08-25,167.98190307617188,137.27999877929688,117.41165924072266,168.27333068847656,273.57666015625
2022-08-26,161.64915466308594,130.75,111.02733612060547,161.29437255859375,263.0201416015625
2022-08-29,159.4361114501953,129.7899932861328,110.06968688964844,158.6921844482422,260.2142028808594
2022-08-30,156.99588012695312,128.72999572753906,109.6407470703125,156.68824768066406,257.9969482421875
2022-08-31,155.32626342773438,126.7699966430664,108.88259887695312,162.44090270996094,256.52532958984375
2022-09-01,156.05731201171875,127.81999969482422,110.27918243408203,164.86361694335938,255.4756317138672
2022-09-02,153.93319702148438,127.51000213623047,108.41374969482422,159.83876037597656,251.21763610839844
2022-09-06,152.6686248779297,126.11000061035156,107.2166976928711,158.0640869140625,248.46078491210938
2022-09-07,154.08139038085938,129.47999572753906,110.2093505859375,159.9085235595703,253.20928955078125
2022-09-08,152.5994873046875,129.82000732421875,109.15193939208984,161.57351684570312,253.63113403320312
2022-09-09,155.4744110107422,133.27000427246094,111.50616455078125,168.64222717285156,259.45880126953125
2022-09-12,161.46141052246094,136.4499969482422,111.59593963623047,168.45281982421875,261.60736083984375
2022-09-13,151.98690795898438,126.81999969482422,105.052001953125,152.6703338623047,247.224609375
2022-09-14,153.43922424316406,128.5500030517578,105.61064147949219,151.0153045654297,247.4502716064453
2022-09-15,150.53463745117188,126.27999877929688,103.64546966552734,149.10107421875,240.7396240234375
2022-09-16,148.884765625,123.52999877929688,103.37612915039062,145.85086059570312,240.11172485351562
2022-09-19,152.61923217773438,124.66000366210938,103.59558868408203,147.57565307617188,239.89588928222656
2022-09-20,155.0100860595703,122.19000244140625,101.58053588867188,145.65145874023438,237.86500549316406
2022-09-21,151.86839294433594,118.54000091552734,99.76499938964844,141.693359375,234.4311981201172
2022-09-22,150.9001922607422,117.30999755859375,100.32362365722656,142.39129638671875,236.42282104492188
2022-09-23,148.61802673339844,113.77999877929688,98.92704772949219,139.98851013183594,233.42068481445312
2022-09-26,148.9539337158203,115.1500015258789,98.56793212890625,135.9606475830078,232.95957946777344
2022-09-27,149.93197631835938,114.41000366210938,97.84969329833984,133.9965362548828,231.93923950195312
2022-09-28,148.03512573242188,118.01000213623047,100.49320220947266,141.18492126464844,236.5111083984375
2022-09-29,140.76377868652344,114.80000305175781,97.84969329833984,136.00051879882812,233.0086212158203
2022-09-30,136.53533935546875,113.0,95.9144515991211,135.27272033691406,228.4956512451172
2022-10-03,140.734130859375,115.87999725341797,99.0567398071289,138.19390869140625,236.18734741210938
2022-10-04,144.34019470214844,121.08999633789062,102.15912628173828,139.85890197753906,244.17343139648438
2022-10-05,144.63656616210938,120.94999694824219,101.9695816040039,138.5627899169922,244.4873809814453
2022-10-06,143.67825317382812,120.30000305175781,101.98953247070312,138.65252685546875,242.1229705810547
2022-10-07,138.40255737304688,114.55999755859375,99.3260726928711,133.0493927001953,229.810302734375
2022-10-10,138.72857666015625,113.66999816894531,98.46817779541016,133.38836669921875,224.91465759277344
2022-10-11,137.30593872070312,112.20999908447266,97.80979919433594,128.1541290283203,221.14727783203125
2022-10-12,136.67361450195312,112.9000015258789,98.05918884277344,127.11726379394531,221.48085021972656
2022-10-13,141.26763916015625,112.52999877929688,99.46572875976562,129.89889526367188,229.810302734375
2022-10-14,136.7131805419922,106.9000015258789,96.94193267822266,126.37948608398438,224.2377166748047
2022-10-17,140.6946258544922,113.79000091552734,100.5331039428711,133.6376190185547,233.03805541992188
2022-10-18,142.01846313476562,116.36000061035156,101.14160919189453,132.4013671875,233.98973083496094
2022-10-19,142.12716674804688,115.06999969482422,100.04430389404297,132.83006286621094,232.00790405273438
2022-10-20,141.66281127929688,115.25,100.28372192382812,131.13516235351562,231.6841583251953
2022-10-21,145.49607849121094,119.31999969482422,101.23139953613281,129.61972045898438,237.54124450683594
2022-10-24,147.64984130859375,119.81999969482422,102.71774291992188,129.3306121826172,242.57424926757812
2022-10-25,150.50502014160156,120.5999984741211,104.67294311523438,137.0972137451172,245.9197540283203
2022-10-26,147.55104064941406,115.66000366210938,94.58770751953125,129.43031311035156,226.94552612304688
2022-10-27,143.0558319091797,110.95999908447266,92.3731460571289,97.64600372314453,222.46192932128906
2022-10-28,153.8640899658203,103.41000366210938,96.34339904785156,98.90221405029297,231.4094696044922
2022-10-31,151.49293518066406,102.44000244140625,94.4281005859375,92.8803482055664,227.74017333984375
2022-11-01,148.8353729248047,96.79000091552734,90.27828979492188,94.91422271728516,223.85507202148438
2022-11-02,143.28306579589844,92.12000274658203,86.85669708251953,90.26821899414062,215.93768310546875
2022-11-03,137.20716857910156,89.30000305175781,83.28546142578125,88.64310455322266,210.19830322265625
2022-11-04,136.93995666503906,90.9800033569336,86.48759460449219,90.51746368408203,217.2033233642578
2022-11-07,137.4743194580078,90.52999877929688,88.43283081054688,96.42965698242188,223.56072998046875
2022-11-08,138.04830932617188,89.9800033569336,88.69219207763672,96.18041229248047,224.5418243408203
2022-11-09,133.4664764404297,86.13999938964844,87.1858901977539,101.1654052734375,220.2642822265625
2022-11-10,145.34158325195312,96.62999725341797,93.93930053710938,111.53418731689453,238.38499450683594
2022-11-11,148.1421356201172,100.79000091552734,96.49303436279297,112.68072509765625,242.43692016601562
2022-11-14,146.73692321777344,98.48999786376953,95.79474639892578,113.87712860107422,236.98207092285156
2022-11-15,148.4785919189453,98.94000244140625,98.47815704345703,116.72854614257812,237.39413452148438
2022-11-16,147.2416229248047,97.12000274658203,98.74748992919922,112.89010620117188,237.82699584960938
2022-11-17,149.1515350341797,94.8499984741211,98.25869750976562,111.11544036865234,237.7777862548828
2022-11-18,149.71559143066406,94.13999938964844,97.56040954589844,111.7136459350586,237.32522583007812
2022-11-21,146.4697265625,92.45999908447266,95.5952377319336,109.53021240234375,238.14181518554688
2022-11-22,148.6171417236328,93.19999694824219,97.09156036376953,111.10547637939453,241.0736846923828
2022-11-23,149.4979248046875,94.12999725341797,98.5779037475586,111.90306854248047,243.5825653076172
2022-11-25,146.56869506835938,93.41000366210938,97.36089324951172,111.07556915283203,243.49400329589844
2022-11-28,142.71917724609375,93.94999694824219,96.01420593261719,108.45346069335938,237.8564910888672
2022-11-29,139.70091247558594,92.41999816894531,95.20619201660156,109.13141632080078,236.44960021972656
2022-11-30,146.48953247070312,96.54000091552734,101.20146942138672,117.74547576904297,251.0204620361328
2022-12-01,146.76661682128906,95.5,101.0318832397461,120.07845306396484,250.5777130126953
2022-12-02,146.27182006835938,94.12999725341797,100.5829849243164,123.11930084228516,250.90243530273438
2022-12-05,145.10409545898438,91.01000213623047,99.6253433227539,122.06248474121094,246.16024780273438
2022-12-06,141.42282104492188,88.25,97.07160186767578,113.77742767333984,241.16224670410156
2022-12-07,139.4733123779297,88.45999908447266,94.91690063476562,113.58800506591797,240.42437744140625
2022-12-08,141.16551208496094,90.3499984741211,93.71984100341797,114.98379516601562,243.40541076660156
2022-12-09,140.68060302734375,89.08999633789062,92.84199523925781,115.55208587646484,241.4573974609375
2022-12-12,142.9863739013672,90.55000305175781,93.33079528808594,114.36566162109375,248.4329376220703
2022-12-13,143.95614624023438,92.48999786376953,95.61518859863281,119.7893295288086,252.771728515625
2022-12-14,141.71969604492188,91.58000183105469,95.07650756835938,121.2249984741211,253.06689453125
2022-12-15,135.0795135498047,88.44999694824219,90.97657775878906,115.80133819580078,244.98944091796875
2022-12-16,133.1102294921875,87.86000061035156,90.63740539550781,119.07149505615234,240.73919677734375
2022-12-19,130.99249267578125,84.91999816894531,88.93160247802734,114.13634490966797,236.5676727294922
2022-12-20,130.92318725585938,85.19000244140625,89.4104232788086,116.73851776123047,237.89588928222656
2022-12-21,134.04042053222656,86.7699966430664,90.02890014648438,119.40050506591797,240.4833984375
2022-12-22,130.8539581298828,83.79000091552734,88.04378509521484,116.76842498779297,234.34414672851562
2022-12-23,130.48779296875,85.25,89.58998107910156,117.68566131591797,234.87542724609375
2022-12-27,128.67681884765625,83.04000091552734,87.71459197998047,116.52914428710938,233.13404846191406
2022-12-28,124.72836303710938,81.81999969482422,86.2481918334961,115.2729263305664,230.74327087402344
2022-12-29,128.26121520996094,84.18000030517578,88.73208618164062,119.89900207519531,237.11862182617188
2022-12-30,128.57786560058594,84.0,88.51263427734375,119.97875213623047,235.94784545898438
